INSERT INTO post
(post, salary_min, shift_id)
VALUES
('Admin', 60000, 1),
('Cleaner', 20000, 1),
('Bartender', 40000, 1),
('Secretary', 35000, 1),
('The doorman', 20000, 1),
('Doctor', 40000, 1);

INSERT INTO staff
(f_name, l_name, id_post, password, email, id_h, phone)
VALUES
('Олег', 'Барин', 1, '123456', 'olegbarin@gmail.com', 1, 79800000001),
('Марк', 'Бабайкин', 2, '123456', 'babaykin@gmail.com', 1, 79800000002),
('Ирина', 'Бращенко', 2, '123456', 'brashenko@gmail.com', 1, 79800000003),
('Аксинья', 'Бузова', 2, '123456', 'buzova@gmail.com', 1, 79800000004),
('Дмитрий', 'Брижкин', 3, '123456', 'brijkin@gmail.com', 1, 79800000005),
('Александр', 'Баралеев', 3, '123456', 'baraleev@gmail.com', 1, 79800000006),
('Анжела', 'Борисова', 4, '123456', 'borisova@gmail.com', 1, 79800000007),
('Тихон', 'Бойко', 5, '123456', 'boyko@gmail.com', 1, 79800000008),
('Лариса', 'Бабкин', 6, '123456', 'babkin@gmail.com', 1, 79800000009),
('Кирилл', 'Багиров', 6, '123456', 'bagirov@gmail.com', 1, 79800000010),
('Егор', 'Кондрасьев', 1, '123456', 'egotkondrasev@gmail.com', 2, 79811111111),
('Надежда', 'Купалова', 2, '123456', 'kupalova@gmail.com', 2, 79811111112),
('Авдосья', 'Карбонара', 2, '123456', 'karbonara@gmail.com', 2, 79811111113),
('Жанна', 'Кучева', 2, '123456', 'kucheva@gmail.com', 2, 79811111114),
('Ипполит', 'Круткевич', 3, '123456', 'krutkevich@gmail.com', 2, 79811111115),
('Амина', 'Купальникова', 4, '123456', 'kupalnikova@gmail.com', 2, 79811111116),
('Агния', 'Красильникова', 4, '123456', 'krasilnikova@gmail.com', 2, 79811111117),
('Игнат', 'Крутышкин', 5, '123456', 'krutishkin@gmail.com', 2, 79811111118),
('Евгений', 'Копатьев', 6, '123456', 'kopatev@gmail.com', 2, 79811111119),
('Жан', 'Классов', 6, '123456', 'klassov@gmail.com', 2, 79811111110),
('Иван', 'Недосюков', 1, '123456', 'ivannedosyukov@gmail.com', 3, 79822222221),
('Мария', 'Надеждина', 2, '123456', 'nadijdina@gmail.com', 3, 79822222222),
('Любовь', 'Норкина', 2, '123456', 'norkina@gmail.com', 3, 79822222223),
('Галина', 'Ноздрева', 2, '123456', 'nozdreva@gmail.com', 3, 79822222224),
('Елизар', 'Нелюбин', 3, '123456', 'nelubin@gmail.com', 3, 79822222225),
('Алена', 'Нравкина', 4, '123456', 'nravkina@gmail.com', 3, 79822222226),
('Ермолай', 'Нужин', 5, '123456', 'nujin@gmail.com', 3, 79822222227),
('Ефим', 'Ныряев', 5, '123456', 'niryaev@gmail.com', 3, 79822222228),
('Пётр', 'Нюрбургрингов', 6, '123456', 'nurburgringov@gmail.com', 3, 79822222229),
('Ефрем', 'Нурмагомедов', 6, '123456', 'nurmagomedov@gmail.com', 3, 79822222210),
('Виктория', 'Деминьтьева', 1, '123456', 'deminteva@gmail.com', 4, 79833333331),
('Яна', 'Другова', 2, '123456', 'drugova@gmail.com', 4, 79833333332),
('Никита', 'Данилова', 2, '123456', 'danilova@gmail.com', 4, 79833333333),
('Кира', 'Дачкина', 2, '123456', 'dachkina@gmail.com', 4, 79833333334),
('Демьян', 'Даров', 3, '123456', 'darov@gmail.com', 4, 79833333335),
('Демид', 'Дочин', 3, '123456', 'dochin@gmail.com', 4, 79833333336),
('Агата', 'Дыркина', 4, '123456', 'dirkina@gmail.com', 4, 79833333337),
('Дамир', 'Дальнев', 5, '123456', 'dalnev@gmail.com', 4, 79833333338),
('Ирина', 'Дубова', 6, '123456', 'dubova@gmail.com', 4, 79833333339),
('Владимир', 'Дячев', 6, '123456', 'dyachev@gmail.com', 4, 79833333310),
('Евгения', 'Айрапежкина', 1, '123456', 'ayrapejkina@gmail.com', 5, 79844444441),
('Элеонора', 'Арфеева', 2, '123456', 'arfeeva@gmail.com', 5, 79844444442),
('Петр', 'Алькапоне', 2, '123456', 'alkapone@gmail.com', 5, 79844444443),
('Алексей', 'Алужеев', 2, '123456', 'alujeev@gmail.com', 5, 79844444444),
('Глеб', 'Агропромов', 3, '123456', 'agropromov@gmail.com', 5, 79844444445),
('Вера', 'Ариньева', 4, '123456', 'arineva@gmail.com', 5, 79844444446),
('Виола', 'Адова', 4, '123456', 'adova@gmail.com', 5, 79844444447),
('Гектор', 'Астахова', 5, '123456', 'astahova@gmail.com', 5, 79844444448),
('Георгий', 'Афинова', 6, '123456', 'afinova@gmail.com', 5, 79844444449),
('Максим', 'Ашкудишкин', 6, '123456', 'ashkudishkin@gmail.com', 5, 79844444410),
('Денис', 'Стрижов', 1, '123456', 'strijov@gmail.com', 6, 79855555551),
('Алиса', 'Строгина', 2, '123456', 'strogina@gmail.com', 6, 79855555552),
('Эльза', 'Сыркова', 2, '123456', 'sirkova@gmail.com', 6, 79855555553),
('Фиона', 'Саласьева', 2, '123456', 'salaseva@gmail.com', 6, 79855555554),
('Игорь', 'Силов', 3, '123456', 'silov@gmail.com', 6, 79855555555),
('Галина', 'Стульчикина', 4, '123456', 'stulchikina@gmail.com', 6, 79855555556),
('Дайна', 'Стареева', 4, '123456', 'stareeva@gmail.com', 6, 79855555557),
('Вячеслав', 'Стразов', 5, '123456', 'strazov@gmail.com', 6, 79855555558),
('Владлен', 'Суперсилов', 5, '123456', 'supersilov@gmail.com', 6, 79855555559),
('Игорь', 'Суперслабов', 6, '123456', 'superslabov@gmail.com', 6, 79855555510),
('Марк', 'Зверкин', 1, '123456', 'zverkin@gmail.com', 7, 79866666661),
('Анастасия', 'Зубкина', 2, '123456', 'zubkina@gmail.com', 7, 79866666662),
('Анна', 'Зайкина', 2, '123456', 'zaykina@gmail.com', 7, 79866666663),
('Камила', 'Зарубина', 2, '123456', 'zarubina@gmail.com', 7, 79866666664),
('Всеволод', 'Зрелещев', 3, '123456', 'zreleshev@gmail.com', 7, 79866666665),
('Владислав', 'Зубенко', 3, '123456', 'zubenko@gmail.com', 7, 79866666666),
('Елизавета', 'Златова', 4, '123456', 'zazlatovaharnoob@gmail.com', 7, 79866666667),
('Варфоломей', 'Зиверт', 5, '123456', 'zivert@gmail.com', 7, 79866666668),
('Вадим', 'Здравьев', 5, '123456', 'zaharnzdrasevoob@gmail.com', 7, 79866666669),
('Захар', 'Зулькевич', 6, '123456', 'zulkevich@gmail.com', 7, 79866666610),
('Даниил', 'Васильчев', 1, '123456', 'vasilev@gmail.com', 8, 79877777771),
('Игорь', 'Ветреев', 2, '123456', 'vetreev@gmail.com', 8, 79877777772),
('Василиса', 'Возгласова', 2, '123456', 'vozglasova@gmail.com', 8, 79877777773),
('Мария', 'Вражкина', 2, '123456', 'vrajkina@gmail.com', 8, 79877777774),
('Аркадий', 'Вилов', 3, '123456', 'vilov@gmail.com', 8, 79877777775),
('Артем', 'Власов', 3, '123456', 'vlasov@gmail.com', 8, 79877777776),
('Жасмин', 'Ворнак', 4, '123456', 'vornak@gmail.com', 8, 79877777777),
('Архип', 'Виртуозов', 5, '123456', 'virtuozov@gmail.com', 8, 79877777778),
('Кристина', 'Влесов', 6, '123456', 'vlesov@gmail.com', 8, 79877777779),
('Мотвей', 'Враньев', 6, '123456', 'motvranevyasila@gmail.com', 8, 79877777710),
('Иван', 'Марочков', 1, '123456', 'sashmarochkovamolod@gmail.com', 9, 79888888881),
('Арнольд', 'Мукеев', 2, '123456', 'mukeev@gmail.com', 9, 79888888882),
('Андрей', 'Молочкин', 2, '123456', 'molochkinsashamolod@gmail.com', 9, 79888888883),
('Адам', 'Мурзиков', 3, '123456', 'murzikov@gmail.com', 9, 79888888884),
('Богдан', 'Магеря', 3, '123456', 'magerya@gmail.com', 9, 79888888885),
('Зоя', 'Маресьева', 4, '123456', 'mareseva@gmail.com', 9, 79888888886),
('Злата', 'Милонова', 4, '123456', 'milonova@gmail.com', 9, 79888888887),
('Патрисья', 'Морозкевич', 5, '123456', 'morozkevich@gmail.com', 9, 79888888888),
('Александра', 'Молодых', 5, '123456', 'molodih@gmail.com', 9, 79888888889),
('Александр', 'Мазяркин', 6, '123456', 'mazyarkin@gmail.com', 9, 79888888810),
('Мария', 'Лагуткевич', 1, '123456', 'jivkaklagutkevichcoy@gmail.com', 10, 79899999991),
('Данил', 'Лапушкин', 2, '123456', 'lapushkin@gmail.com', 10, 79899999992),
('Марина', 'Лирина', 2, '123456', 'larina@gmail.com', 10, 79899999993),
('Ольга', 'Лучкина', 2, '123456', 'luchkina@gmail.com', 10, 79899999994),
('Виктор', 'Лавров', 3, '123456', 'lavrov@gmail.com', 10, 79899999995),
('Ида', 'Лагич', 4, '123456', 'lagich@gmail.com', 10, 79899999996),
('Марат', 'Лещин', 5, '123456', 'leshin@gmail.com', 10, 79899999997),
('Борис', 'Лисицин', 6, '123456', 'lisicin@gmail.com', 10, 79899999998),
('Акакий', 'Лукин', 6, '123456', 'lukin@gmail.com', 10, 79899999999),
('Агнесса', 'Лакерьева', 6, '123456', 'lakereva@gmail.com', 10, 79899999910);

INSERT INTO hotel
(name, count_of_building, profit_per_month, profit_per_year,
alltime_profit, tax_on_area, adress, phone, roomines, image)
VALUES
('Северная', 1, 0, 0, 0, 20000, 'г.Новосибирск, ул.Северная, д.6', '+79161265345', 220, '~/RDB/database/Severnaya/hotel.jpg'),
('Престиж', 1, 0, 0, 0, 20000, 'г.Санкт-Петербург, ул.Невский проспект, д.2', '+79859296828', 310, '~/RDB/database/Prestij/hotel.jpg'),
('Горнолыжная', 2, 0, 0, 0, 30000, 'г.Якутск, ул.Нагорная, д.5, к.1, к.2', '+74998967049', 300, '~/RDB/database/Gornolijnaya/hotel.jpg');
('Хрущево', 1, 0, 0, 0, 20000, 'г.Норильск, ул.Теплая, д.9', '+79161115345', 120, '~/RDB/database/Hrushevo/hotel.jpg'),
('Грозный', 1, 0, 0, 0, 20000, 'г.Грозный, ул.Песчаная, д.48', '+79852226828', 185, '~/RDB/database/Grozniy/hotel.jpg'),
('Солнечная', 1, 0, 0, 0, 30000, 'г.Красноярск, ул.Полярная, д.78', '+74993337049', 150, '~/RDB/database/Solnechnaya/hotel.jpg');
('Улыбка', 1, 0, 0, 0, 20000, 'г.Ялта, ул.Улыбкова, д.22', '+79164445345', 200, '~/RDB/database/Ulibka/hotel.jpg'),
('Замоскворецкая', 1, 0, 0, 0, 20000, 'г.Балашиха, ул.Победы, д.2', '+79855556828', 62, '~/RDB/database/Zamoskvoretskaya/hotel.jpg'),
('Восточная', 1, 0, 0, 0, 30000, 'г.Хабаровск, ул.Великая, д.13', '+74996667049', 320, '~/RDB/database/Vostochnaya/hotel.jpg');
('Южная', 1, 0, 0, 0, 20000, 'г.Сочи, ул.Лыжная, д.18', '+79167775345', 500, '~/RDB/database/Yujnaya/hotel.jpg');

INSERT INTO guest
(f_name, l_name, passport, person_with, phone, email, password)
VALUES
('Ольга', 'Ларькова', 45152101, 1, '+79160000000', 'vseposto@gmail.com', 1),
('Екатерина', 'Денисова', 45152102, 1, '+79161111111', 'samirdobralov@gmail.com', 2),
('Ирина', 'Измаилова', 45152103, 1, '+79162222222', 'metroirina@gmail.com', 3),
('Оксана', 'Разумовских', 45152104, 1, '+79163333333', 'nuraztook@gmail.com', 4),
('Марина', 'Карасьева', 45152105, 1, '+79164444444', 'karinamaraseva@gmail.com', 5),
('Мария', 'Сходченкова', 45152106, 1, '+79165555555', 'hojugulyat@gmail.com', 6),
('Виктория', 'Алая', 45152107, 1, '+79166666666', 'pobeda@gmail.com', 7),
('Елена', 'Турбина', 45152108, 1, '+79167777777', 'turbolena@gmail.com', 8),
('Артур', 'Иванов', 45152109, 1, '+79168888888', 'artvan@gmail.com', 9),
('Ашот', 'Геворганян', 45152110, 1, '+79169999999', 'ashotgeorg@gmail.com', 10);

INSERT INTO room
(room_number, floor, capacity, price, id_h, image)
VALUES
(1, 1, 3, 5000, 1, '~/RDB/database/Severnaya/images/1.jpg'),
(2, 1, 2, 3000, 1, '~/RDB/database/Severnaya/images/2.jpg'),
(3, 1, 1, 2000, 1, '~/RDB/database/Severnaya/images/3.jpg'),
(4, 1, 3, 3500, 1, '~/RDB/database/Severnaya/images/4.jpg'),
(5, 1, 3, 3800, 1, '~/RDB/database/Severnaya/images/5.jpg'),
(6, 1, 1, 3500, 1, '~/RDB/database/Severnaya/images/6.jpg'),
(7, 1, 2, 2800, 1, '~/RDB/database/Severnaya/images/7.jpg'),
(8, 1, 2, 3150, 1, '~/RDB/database/Severnaya/images/8.jpg'),
(9, 1, 2, 2100, 1, '~/RDB/database/Severnaya/images/9.jpg'),
(10, 1, 1, 1500, 1, '~/RDB/database/Severnaya/images/10.jpg'),
(1, 1, 1, 2200, 2, '~/RDB/database/Prestij/images/1.jpg'),
(2, 1, 3, 4700, 1, '~/RDB/database/Prestij/images/2.jpg'),
(3, 1, 4, 6000, 1, '~/RDB/database/Prestij/images/3.jpg'),
(4, 1, 4, 3800, 1, '~/RDB/database/Prestij/images/4.jpg'),
(5, 1, 4, 5500, 1, '~/RDB/database/Prestij/images/5.jpg'),
(6, 1, 5, 7800, 1, '~/RDB/database/Prestij/images/6.jpg'),
(7, 1, 4, 4000, 1, '~/RDB/database/Prestij/images/7.jpg'),
(8, 1, 3, 3150, 1, '~/RDB/database/Prestij/images/8.jpg'),
(9, 1, 2, 3500, 1, '~/RDB/database/Prestij/images/9.jpg'),
(10, 1, 2, 3150, 1, '~/RDB/database/Prestij/images/10.jpg'),
(1, 1, 1, 1500, 1, '~/RDB/database/Gornolijnaya/images/1.jpg'),
(2, 1, 1, 2000, 1, '~/RDB/database/Gornolijnaya/images/2.jpg'),
(3, 1, 2, 2800, 1, '~/RDB/database/Gornolijnaya/images/3.jpg'),
(4, 1, 3, 3000, 1, '~/RDB/database/Gornolijnaya/images/4.jpg'),
(5, 1, 4, 4500, 1, '~/RDB/database/Gornolijnaya/images/5.jpg'),
(6, 1, 5, 5000, 1, '~/RDB/database/Gornolijnaya/images/6.jpg'),
(7, 1, 2, 3000, 1, '~/RDB/database/Gornolijnaya/images/7.jpg'),
(8, 1, 2, 2900, 1, '~/RDB/database/Gornolijnaya/images/8.jpg'),
(9, 1, 2, 2500, 1, '~/RDB/database/Gornolijnaya/images/9.jpg'),
(10, 1, 1, 2000, 1, '~/RDB/database/Gornolijnaya/images/10.jpg'),
(1, 1, 1, 3000, 1, '~/RDB/database/Hrushevo/images/1.jpg'),
(2, 1, 5, 5000, 1, '~/RDB/database/Hrushevo/images/2.jpg'),
(3, 1, 5, 5500, 1, '~/RDB/database/Hrushevo/images/3.jpg'),
(4, 1, 4, 4000, 1, '~/RDB/database/Hrushevo/images/4.jpg'),
(5, 1, 2, 3000, 1, '~/RDB/database/Hrushevo/images/5.jpg'),
(6, 1, 3, 3000, 1, '~/RDB/database/Hrushevo/images/6.jpg'),
(7, 1, 3, 3000, 1, '~/RDB/database/Hrushevo/images/7.jpg'),
(8, 1, 3, 3000, 1, '~/RDB/database/Hrushevo/images/8.jpg'),
(9, 1, 2, 3000, 1, '~/RDB/database/Hrushevo/images/9.jpg'),
(10, 1, 2, 3000, 1, '~/RDB/database/Hrushevo/images/10.jpg'),
(1, 1, 1, 3000, 1, '~/RDB/database/Grozniy/images/1.jpg'),
(2, 1, 3, 3000, 1, '~/RDB/database/Grozniy/images/2.jpg'),
(3, 1, 4, 3000, 1, '~/RDB/database/Grozniy/images/3.jpg'),
(4, 1, 3, 3000, 1, '~/RDB/database/Grozniy/images/4.jpg'),
(5, 1, 5, 3000, 1, '~/RDB/database/Grozniy/images/5.jpg'),
(6, 1, 4, 3000, 1, '~/RDB/database/Grozniy/images/6.jpg'),
(7, 1, 3, 3000, 1, '~/RDB/database/Grozniy/images/7.jpg'),
(8, 1, 2, 3000, 1, '~/RDB/database/Grozniy/images/8.jpg'),
(9, 1, 2, 3000, 1, '~/RDB/database/Grozniy/images/9.jpg'),
(10, 1, 1, 3000, 1, '~/RDB/database/Grozniy/images/10.jpg'),
(1, 1, 1, 3000, 1, '~/RDB/database/Solnechnaya/images/1.jpg'),
(2, 1, 2, 3000, 1, '~/RDB/database/Solnechnaya/images/2.jpg'),
(3, 1, 2, 3000, 1, '~/RDB/database/Solnechnaya/images/3.jpg'),
(4, 1, 3, 3000, 1, '~/RDB/database/Solnechnaya/images/4.jpg'),
(5, 1, 4, 3000, 1, '~/RDB/database/Solnechnaya/images/5.jpg'),
(6, 1, 5, 3000, 1, '~/RDB/database/Solnechnaya/images/6.jpg'),
(7, 1, 4, 3000, 1, '~/RDB/database/Solnechnaya/images/7.jpg'),
(8, 1, 3, 3000, 1, '~/RDB/database/Solnechnaya/images/8.jpg'),
(9, 1, 2, 3000, 1, '~/RDB/database/Solnechnaya/images/9.jpg'),
(10, 1, 3, 3000, 1, '~/RDB/database/Solnechnaya/images/10.jpg'),
(1, 1, 4, 3000, 1, '~/RDB/database/Ulibka/images/1.jpg'),
(2, 1, 5, 3000, 1, '~/RDB/database/Ulibka/images/2.jpg'),
(3, 1, 6, 3000, 1, '~/RDB/database/Ulibka/images/3.jpg'),
(4, 1, 5, 3000, 1, '~/RDB/database/Ulibka/images/4.jpg'),
(5, 1, 3, 3000, 1, '~/RDB/database/Ulibka/images/5.jpg'),
(6, 1, 2, 3000, 1, '~/RDB/database/Ulibka/images/6.jpg'),
(7, 1, 2, 3000, 1, '~/RDB/database/Ulibka/images/7.jpg'),
(8, 1, 3, 3000, 1, '~/RDB/database/Ulibka/images/8.jpg'),
(9, 1, 4, 3000, 1, '~/RDB/database/Ulibka/images/9.jpg'),
(10, 1, 1, 3000, 1, '~/RDB/database/Ulibka/images/10.jpg'),
(1, 1, 3, 3000, 1, '~/RDB/database/Zamoskvoretskaya/images/1.jpg'),
(2, 1, 4, 3000, 1, '~/RDB/database/Zamoskvoretskaya/images/2.jpg'),
(3, 1, 5, 3000, 1, '~/RDB/database/Zamoskvoretskaya/images/3.jpg'),
(4, 1, 1, 3000, 1, '~/RDB/database/Zamoskvoretskaya/images/4.jpg'),
(5, 1, 5, 3000, 1, '~/RDB/database/Zamoskvoretskaya/images/5.jpg'),
(6, 1, 6, 3000, 1, '~/RDB/database/Zamoskvoretskaya/images/6.jpg'),
(7, 1, 2, 3000, 1, '~/RDB/database/Zamoskvoretskaya/images/7.jpg'),
(8, 1, 1, 3000, 1, '~/RDB/database/Zamoskvoretskaya/images/8.jpg'),
(9, 1, 2, 3000, 1, '~/RDB/database/Zamoskvoretskaya/images/9.jpg'),
(10, 1, 1, 3000, 1, '~/RDB/database/Zamoskvoretskaya/images/10.jpg'),
(1, 1, 4, 3000, 1, '~/RDB/database/Vostochnaya/images/1.jpg'),
(2, 1, 4, 3000, 1, '~/RDB/database/Vostochnaya/images/2.jpg'),
(3, 1, 3, 3000, 1, '~/RDB/database/Vostochnaya/images/3.jpg'),
(4, 1, 3, 3000, 1, '~/RDB/database/Vostochnaya/images/4.jpg'),
(5, 1, 3, 3000, 1, '~/RDB/database/Vostochnaya/images/5.jpg'),
(6, 1, 1, 3000, 1, '~/RDB/database/Vostochnaya/images/6.jpg'),
(7, 1, 2, 3000, 1, '~/RDB/database/Vostochnaya/images/7.jpg'),
(8, 1, 3, 3000, 1, '~/RDB/database/Vostochnaya/images/8.jpg'),
(9, 1, 2, 3000, 1, '~/RDB/database/Vostochnaya/images/9.jpg'),
(10, 1, 2, 3000, 1, '~/RDB/database/Vostochnaya/images/10.jpg'),
(1, 1, 3, 3000, 1, '~/RDB/database/Yujnaya/images/1.jpg'),
(2, 1, 4, 3000, 1, '~/RDB/database/Yujnaya/images/2.jpg'),
(3, 1, 5, 3000, 1, '~/RDB/database/Yujnaya/images/3.jpg'),
(4, 1, 6, 3000, 1, '~/RDB/database/Yujnaya/images/4.jpg'),
(5, 1, 1, 3000, 1, '~/RDB/database/Yujnaya/images/5.jpg'),
(6, 1, 2, 3000, 1, '~/RDB/database/Yujnaya/images/6.jpg'),
(7, 1, 3, 3000, 1, '~/RDB/database/Yujnaya/images/7.jpg'),
(8, 1, 4, 3000, 1, '~/RDB/database/Yujnaya/images/8.jpg'),
(9, 1, 5, 3000, 1, '~/RDB/database/Yujnaya/images/9.jpg'),
(10, 1, 6, 3000, 1, '~/RDB/database/Yujnaya/images/10.jpg');

INSERT INTO shift
(id_room, id_staff, date, id_h)
VALUES
(1, 2, '2022-12-09', 1),
(3, 12, '2022-12-09', 2),
(2, 22, '2022-12-09', 3),
(6, 32, '2022-12-09', 4),
(5, 42, '2022-12-09', 5),
(9, 52, '2022-12-09', 6),
(10, 62, '2022-12-09', 7),
(7, 72, '2022-12-09', 8),
(8, 82, '2022-12-09', 9),
(4, 92, '2022-12-09', 10);

INSERT INTO stay
(id_guest, id_room, id_staff, id_h, check_in, check_out)
VALUES
(1, 1, 7, 1, '2022-12-09', '2022-12-12'),
(2, 3, 16, 2, '2022-11-09', '2022-12-12'),
(3, 2, 26, 3, '2022-12-12', '2022-12-21'),
(4, 6, 37, 4, '2022-12-01', '2023-01-07'),
(5, 5, 46, 5, '2022-08-10', '2022-12-15'),
(6, 9, 56, 6, '2022-12-04', '2022-12-14'),
(7, 10, 67, 7, '2022-12-22', '2022-12-30'),
(8, 7, 77, 8, '2022-12-08', '2022-12-12'),
(9, 8, 86, 9, '2022-12-02', '2022-12-10'),
(10, 4, 96, 10, '2022-11-16', '2022-12-01');